INSERT INTO Player (player_id, username, password, email, level_id, current_xp, inv_id, total_playtime, 
weekly_playtime, date_Registered) VALUES 
(1, 'cdupree0', 'xW8dZy|GV%i', 'astanyer0@ebay.co.uk', 79, 96226, 5, 995.83, 6.22, '2024-07-17'), 
(2, 'cjenman1', 'dN4g("XOq`E', 'sboatright1@1und1.de', 96, 83524, 2, 959.85, 9.95, '2023-07-10'), 
(3, 'lkirlin2', 'xC3~)m?f1@&(,', 'mmaccaig2@pen.io', 45, 41356, 17, 284.35, 7.45, '2023-02-09'), 
(4, 'aliddicoat3', 'gH2g=d2AaN&D', 'atrunkfield3@wikimedia.org', 46, 35944, 16, 617.37, 3.24, '2023-0113'), 
(5, 'btriswell4', 'tJ52FRxDU>Aq.7', 'tmacellen4@abc.net.au', 27, 61375, 10, 389.84, 3.67, '2022-05-14'), 
(6, 'dknightsbridge5', 'fL2nqj''@Fw.n)w', 'cdacey5@mlb.com', 43, 42111, 7, 650.26, 7.53, '2022-10-06'), 
(7, 'tbernardoux6', 'oH07bkiVYeo', 'astones6@about.com', 86, 97057, 20, 624.47, 5.82, '2022-12-07'), 
(8, 'sspada7', 'iT1ba%|iA4X*66G', 'hsaxby7@mapy.cz', 89, 74268, 8, 959.07, 5.05, '2023-07-05'), 
(9, 'kguiness8', 'rP2S8XX7rZC!>zE.', 'dfyfield8@xrea.com', 7, 46217, 1, 722.25, 1.68, '2023-05-31'), 
(10, 'tcantua9', 'zY0Le7*3%()azPzr', 'rgoward9@opensource.org', 38, 19497, 15, 970.64, 9.82, '2024-0727'), 
(11, 'tnorthalla', 'fW0UVw8dSd$EV', 'groyana@tinyurl.com', 16, 36515, 9, 685.05, 1.5, '2022-07-22'), 
(12, 'rtrimbyb', 'rR2(R.#?e', 'bbetterissb@berkeley.edu', 62, 15070, 6, 64.5, 2.7, '2023-03-22'), 
(13, 'okeartonc', 'oB8MQ}pHoma', 'msolleyc@oaic.gov.au', 29, 58436, 11, 283.93, 8.72, '2023-11-25'), 
(14, 'mheadechd', 'wS3iBN)MR(', 'dhubandd@nationalgeographic.com', 12, 12671, 14, 313.13, 9.93, '2024-0426'), 
(15, 'jkaryse', 'tS3/Y.+8f$', 'hcastanyere@addtoany.com', 68, 72243, 19, 484.97, 9.06, '2022-03-01'), 
(16, 'glyverf', 'gR2I/k)dQ', 'aborsnallf@mozilla.com', 41, 11506, 4, 461.63, 5.48, '2023-04-10'), 
(17, 'hbonnerg', 'cW3tjyJmF', 'bkruschevg@dropbox.com', 12, 15349, 18, 704.43, 5.49, '2022-12-11'), 
(18, 'gwinesh', 'mX0@vZC_8W', 'fbaudainsh@smugmug.com', 80, 37920, 12, 17.11, 4.0, '2023-10-02'), 
(19, 'dchildersi', 'eB0nCy3e', 'rpropi@51.la', 81, 44018, 3, 496.9, 4.21, '2024-03-02'), 
(20, 'plabromj', 'sH1`=5TRwI|PM', 'ahoopperj@artisteer.com', 98, 77724, 13, 264.56, 7.94, '2024-05-05'); 
 
INSERT INTO Level (level_id, max_hp, max_mp, max_stamina, required_xp, scaling_id) VALUES 
(1, 100, 30, 50, 1000, 1), 
(2, 200, 35, 55, 2000, 1), 
(3, 300, 40, 60, 3000, 1), 
(4, 400, 45, 65, 4000, 1), 
(5, 500, 50, 70, 5000, 1), 
(6, 1000, 55, 75, 10000, 1), 
(7, 1200, 60, 80, 25000, 1), 
(8, 1400, 63, 85, 50000, 1), 
(9, 1600, 65, 90, 50800, 1), 
(10, 1800, 67, 100, 51600, 1),
(11, 2000, 75, 101, 52400, 2), 
(12, 2250, 155, 102, 53200, 2), 
(13, 2500, 235, 103, 54000, 2), 
(14, 2750, 315, 104, 54800, 2), 
(15, 3000, 395, 105, 55600, 2), 
(16, 3250, 475, 106, 56400, 2), 
(17, 3500, 555, 107, 57200, 2), 
(18, 3750, 635, 108, 58000, 2), 
(19, 4000, 715, 109, 58800, 2), 
(20, 4250, 795, 110, 59600, 2), 
(21, 4500, 875, 110, 60400, 3), 
(22, 4750, 955, 110, 61200, 3), 
(23, 5000, 1035, 110, 62000, 3), 
(24, 5250, 1115, 110, 62800, 3), 
(25, 5500, 1195, 120, 63600, 3), 
(26, 5750, 1275, 120, 64400, 3), 
(27, 6000, 1355, 120, 65000, 3), 
(28, 6500, 1435, 120, 65680, 3), 
(29, 7000, 1515, 120, 66360, 3), 
(30, 7500, 1595, 130, 67040, 3), 
(31, 10000, 1675, 130, 67720, 4), 
(32, 11000, 1755, 130, 68400, 4), 
(33, 12000, 1835, 130, 69080, 4), 
(34, 13000, 1915, 130, 69760, 4), 
(35, 14000, 1995, 130, 70440, 4), 
(36, 15000, 2075, 130, 71120, 4), 
(37, 16000, 2155, 130, 71800, 4), 
(38, 17000, 2235, 130, 72480, 4), 
(39, 18000, 2315, 130, 73160, 4), 
(40, 19000, 2395, 140, 73840, 4), 
(41, 25000, 2475, 140, 74520, 5), 
(42, 27000, 2555, 140, 75200, 5), 
(43, 29000, 2635, 140, 75880, 5), 
(44, 31000, 2715, 140, 76560, 5), 
(45, 33000, 2795, 140, 77240, 5), 
(46, 35000, 2875, 140, 77920, 5), 
(47, 37000, 2955, 140, 78600, 5), 
(48, 39000, 3035, 140, 79280, 5), 
(49, 41000, 3115, 140, 79960, 5), 
(50, 43000, 3195, 140, 80640, 5), 
(51, 45000, 3275, 150, 81320, 6), 
(52, 50000, 3355, 150, 82000, 6), 
(53, 55000, 3435, 150, 82680, 6), 
(54, 60000, 3515, 150, 83360, 6), 
(55, 65000, 3595, 150, 84040, 6),
(56, 70000, 3675, 150, 84720, 6), 
(57, 75000, 3755, 150, 85400, 6), 
(58, 80000, 3835, 150, 86080, 6), 
(59, 85000, 3915, 150, 86760, 6), 
(60, 90000, 3995, 170, 87440, 6), 
(61, 100000, 4075, 170, 88120, 7), 
(62, 120000, 4155, 170, 88800, 7), 
(63, 140000, 4235, 170, 89480, 7), 
(64, 160000, 4315, 170, 90160, 7), 
(65, 180000, 4395, 170, 90840, 7), 
(66, 200000, 4475, 170, 91520, 7), 
(67, 220000, 4555, 170, 92200, 7), 
(68, 240000, 4635, 170, 92880, 7), 
(69, 260000, 4715, 170, 93560, 7), 
(70, 280000, 4795, 190, 94240, 7), 
(71, 300000, 4875, 190, 94920, 8), 
(72, 310000, 4955, 190, 95600, 8), 
(73, 320000, 5035, 190, 96280, 8), 
(74, 330000, 5115, 190, 96960, 8), 
(75, 340000, 5195, 200, 97640, 8), 
(76, 350000, 5275, 200, 98320, 8), 
(77, 360000, 5355, 200, 99000, 8), 
(78, 370000, 5435, 200, 99680, 8), 
(79, 380000, 5515, 200, 100000, 8), 
(80, 390000, 5595, 200, 110000, 9), 
(81, 400000, 5675, 200, 120000, 9), 
(82, 401000, 5755, 200, 130000, 9), 
(83, 402000, 5835, 200, 140000, 9), 
(84, 403000, 5915, 200, 150000, 9), 
(85, 404000, 5995, 200, 160000, 9), 
(86, 405000, 6075, 200, 170000, 9), 
(87, 406000, 6155, 200, 180000, 9), 
(88, 407000, 6235, 200, 190000, 9), 
(89, 408000, 6315, 200, 200000, 9), 
(90, 409000, 6395, 200, 210000, 9), 
(91, 410000, 6475, 200, 230000, 10), 
(92, 420000, 6555, 200, 250000, 10), 
(93, 425000, 6635, 200, 270000, 10), 
(94, 430000, 6715, 250, 280000, 10), 
(95, 435000, 6795, 250, 290000, 10), 
(96, 440000, 6875, 250, 350000, 10), 
(97, 445000, 6955, 250, 400000, 10), 
(98, 450000, 7035, 250, 500000, 10), 
(99, 475000, 7115, 250, 550000, 10), 
(100, 500000, 7500, 250, 600000, 10); 
 
 
INSERT INTO Scaling (scaling_id, max_enemy_hp_multiplier, enemy_dmg_multiplier, gold_multiplier, 
item_drop_chance, high_rarity_item_drop_chance) VALUES 
(1, 1, 1, 1, 1, 0.1), 
(2, 1.2, 1.1, 1.05, 11.5, 0.25), 
(3, 1.4, 1.3, 1.25, 12.5, 0.56), 
(4, 1.6, 1.5, 1.50, 15.7, 0.72), 
(5, 2, 1.7, 1.75, 25.9, 1.2), 
(6, 3.1, 2.5, 2, 46.6, 14.7), 
(7, 4.2, 3, 2.25, 52.8, 26.5), 
(8, 5.3, 3.5, 2.50, 59.2, 31.3), 
(9, 6.4, 4, 2.60, 63.1, 35.2), 
(10, 7.5, 4.5, 2.75, 75, 39.9); 
 
INSERT INTO Inventory (inv_id, num_slots, isFull, weight) VALUES 
(1, 133, false, 259.1), 
(2, 127, true, 274.1), 
(3, 207, false, 428.9), 
(4, 194, true, 293.4), 
(5, 114, true, 440.1), 
(6, 164, false, 410.3), 
(7, 229, true, 285.0), 
(8, 136, true, 226.2), 
(9, 242, false, 431.3), 
(10, 160, true, 425.7), 
(11, 131, false, 383.6), 
(12, 143, false, 357.8), 
(13, 229, false, 404.5), 
(14, 134, true, 494.5), 
(15, 208, true, 236.5), 
(16, 196, true, 159.4), 
(17, 174, false, 157.2), 
(18, 176, true, 327.1), 
(19, 124, true, 229.9), 
(20, 193, true, 240.0); 
 
INSERT INTO armor_junc (armor_junc_id, inv_id, armor_id) VALUES 
(1, 12, 7), 
(2, 5, 5), 
(3, 20, 1), 
(4, 14, 4), 
(5, 9, 8), 
(6, 9, 2), 
(7, 14, 5), 
(8, 13, 7),
(9, 15, 5), 
(10, 11, 10), 
(11, 5, 9), 
(12, 7, 8), 
(13, 13, 10), 
(14, 12, 10), 
(15, 14, 10), 
(16, 3, 5), 
(17, 6, 10), 
(18, 16, 1), 
(19, 4, 9), 
(20, 3, 4); 
 
INSERT INTO Armor (armor_id, armor_name, armor_def, armor_wgt, level_requirement) VALUES 
(1, 'Vagabond Knight Armor', 286, 45.0, 41), 
(2, 'Young Lion''s Armor', 580, 13.6, 45), 
(3, 'Vagabond Knight Armor', 686, 7.7, 20), 
(4, 'Veteran''s Armor', 841, 23.2, 83), 
(5, 'Zamor Armor', 51, 44.4, 92), 
(6, 'Vulgar Militia Armor', 405, 38.0, 26), 
(7, 'Royal Knight Armor', 810, 13.0, 22), 
(8, 'Royal Knight Armor', 330, 19.3, 17), 
(9, 'Tree Sentinel Armor', 72, 11.0, 63), 
(10, 'Verdigris Armor', 209, 25.2, 2); 
 
INSERT INTO weapon_junc (weapon_junc_id, inv_id, weapon_id) VALUES 
(1, 16, 9), 
(2, 14, 3), 
(3, 9, 4), 
(4, 6, 8), 
(5, 16, 6), 
(6, 5, 3), 
(7, 16, 3), 
(8, 6, 2), 
(9, 2, 4), 
(10, 17, 9), 
(11, 3, 10), 
(12, 3, 9), 
(13, 10, 3), 
(14, 1, 4), 
(15, 5, 10), 
(16, 11, 8), 
(17, 1, 3), 
(18, 13, 1), 
(19, 16, 8),
(20, 6, 8); 
 
INSERT INTO Weapons (weapon_id, weapon_name, weapon_dmg, weapon_wgt, level_requirement) VALUES 
(1, 'Sword of Night and Flame', 887, 26.4, 31), 
(2, 'Stormhawk Axe', 292, 29.9, 26), 
(3, 'Meteoric Ore Blade', 529, 24.1, 36), 
(4, 'Blasphemous Blade', 529, 26.0, 68), 
(5, 'Meteoric Ore Blade', 954, 8.6, 48), 
(6, 'Serpent-Hunter', 233, 9.9, 29), 
(7, 'Claymore', 975, 13.8, 71), 
(8, 'Moonveil', 310, 20.4, 96), 
(9, 'Serpent-Hunter', 295, 27.2, 30), 
(10, 'Star-Lined Sword', 505, 18.2, 66); 
 
INSERT INTO spell_junc (spell_junc_id, inv_id, spell_id) VALUES 
(1, 20, 5), 
(2, 10, 4), 
(3, 4, 4), 
(4, 5, 5), 
(5, 8, 5), 
(6, 1, 5), 
(7, 18, 7), 
(8, 12, 7), 
(9, 15, 2), 
(10, 12, 7), 
(11, 7, 4), 
(12, 18, 9), 
(13, 1, 3), 
(14, 13, 7), 
(15, 10, 6), 
(16, 13, 9), 
(17, 19, 9), 
(18, 15, 5), 
(19, 16, 9), 
(20, 18, 7); 
 
INSERT INTO Spells (spell_id, spell_name, spell_type_id, mp_cost, level_requirement) VALUES 
(1, 'Blades of Stone', 4, 23, 63), 
(2, 'Electrocharge', 2, 36, 57), 
(3, 'Blessing''s Boon', 5, 37, 65), 
(4, 'Golden Vow', 5, 48, 55), 
(5, 'Gianstflame Take Thee', 3, 37, 70), 
(6, 'Death Lightning', 2, 41, 31), 
(7, 'Gravitational Missile', 4, 48, 89), 
(8, 'Stars of Ruin', 1, 38, 99),
(9, 'Comet Azur', 1, 27, 13), 
(10, 'Flame of the Fell God', 3, 21, 54); 
 
INSERT INTO Spell_types (spell_type_id, spell_type_name) VALUES 
(1, 'Primeval Sorceries'), 
(2, 'Dragon Cult Incantations'), 
(3, 'Fire Giant Incantations'), 
(4, 'Gravity Sorceries'), 
(5, 'Erdtree Incantations'); 
 
INSERT INTO misc_junc (misc_junc_id, inv_id, misc_id) VALUES 
(1, 2, 10), 
(2, 2, 9), 
(3, 17, 6), 
(4, 9, 10), 
(5, 5, 4), 
(6, 14, 5), 
(7, 20, 3), 
(8, 18, 2), 
(9, 5, 7), 
(10, 19, 6), 
(11, 6, 1), 
(12, 18, 8), 
(13, 7, 3), 
(14, 14, 5), 
(15, 10, 2), 
(16, 12, 5), 
(17, 7, 9), 
(18, 11, 8), 
(19, 3, 2), 
(20, 2, 8); 
 
INSERT INTO Miscellaneous (misc_id, misc_name, misc_desc, amount) VALUES 
(1, 'Spirit Calculus', 'An exceedingly rare to find calculus, suffused with spirituality', 43), 
(2, 'Pearlescent Scale', 'A glassy and glistening fragment of pearlescent hue', 23), 
(3, 'Beast Horn', 'Horn suffused with spirituality', 53), 
(4, 'Fly Mold', 'A species of fungus known for its deathly sweet stench', 68), 
(5, 'Scarlet Bud', 'A large, rotten bud that will never come into bloom', 63), 
(6, 'Deep-Purple Lily', 'A deep-purple water lily that is on the verge of wilting', 46), 
(7, 'Gas Stone', 'Gas Stone', 66), 
(8, 'Beast Liver', 'The fresh liver of a beast; a luscious fruit of life', 94), 
(9, 'Crab Eggs', 'Eggs of lare crabs which dwell in the shallows', 65), 
(10, 'Ruin Fragment', 'Stone fragment found near places where ruins have fallen from the sky', 6); 